[{"name":"General Settings","settings":[{"type":"header","content":"Favicon"},{"type":"image","id":"favicon.png","label":"16px x 16px png","max-width":16,"max-height":16},{"type":"header","content":"MailChimp Form Action URL"},{"type":"textarea","id":"default_newsletter_url","label":"[Where do I find my MailChimp form action URL?](http:\/\/docs.shopify.com\/support\/configuration\/store-customization\/where-do-i-get-my-mailchimp-form-action)","default":"#"},{"type":"header","content":"Welcome Dialog Box"},{"type":"checkbox","id":"enable_welcome_dialog_box","label":"Enable Dialog Box","default":true},{"type":"text","id":"welcome_heading","label":"Heading","default":"Newsletter"},{"type":"textarea","id":"welcome_description","label":"Description","default":"Nunc Vero A Primo Quidem Mirabiliter Occulta Natura Est Nec Perspi Nec Cognosci Potest. Cum Sciret"},{"type":"textarea","id":"welcome_newsletter_url","label":"URL","default":"#"},{"type":"image","id":"welcome-newsletter-banner.jpg","label":"Banner"}]},{"name":"Header","settings":[{"type":"header","content":"Site Logo"},{"type":"checkbox","id":"enable_site_logo","label":"Enable Logo","default":true},{"type":"radio","id":"select_site_logo","label":"Select Logo","options":[{"value":"1","label":"Logo Image"},{"value":"2","label":"Logo Text"}],"default":"1"},{"type":"image","id":"logo.png","label":"Upload Logo"},{"type":"text","id":"site_logo_text","label":"Logo Text","default":"ThemeTim"},{"type":"paragraph","content":"Contact Number"},{"type":"text","id":"phone_number","label":"Number","default":"000 0000 00000"},{"type":"checkbox","id":"enable_header_social_link","label":"Enable Header Social","default":true},{"type":"checkbox","id":"enable_login","label":"Enable Login","default":true},{"type":"paragraph","content":"## If You Enable Login then must Enable Customer accounts."},{"type":"checkbox","id":"enable_register","label":"Enable Register","default":true},{"type":"paragraph","content":"## If You Enable Register then must Enable Customer accounts."},{"type":"checkbox","id":"enable_search","label":"Enable Search","default":true}]},{"name":"Home Settings","settings":[{"type":"header","content":"Small Banner"},{"type":"checkbox","id":"enable_small_banner","label":"Enable","default":true},{"type":"image","id":"small-banner-1.jpg","label":"Upload Banner 1"},{"type":"text","id":"small_banner_2","label":"URL","default":"\/collections\/all"},{"type":"image","id":"small-banner-2.jpg","label":"Upload Banner 2"},{"type":"text","id":"small_banner_4","label":"URL","default":"\/collections\/all"},{"type":"image","id":"small-banner-3.jpg","label":"Upload Banner 3"},{"type":"text","id":"small_banner_6","label":"URL","default":"\/collections\/all"},{"type":"header","content":"New Arrival Product"},{"type":"checkbox","id":"enable_new_arrival","label":"Enable","default":true},{"type":"text","id":"new_arrival_heading","label":"Heading","default":"NEW ARRIVAL PRODUCTS"},{"type":"text","id":"new_arrival_limit","label":"Limit","default":"4"},{"type":"collection","id":"new_arrival","label":"Select Collections"},{"type":"header","content":"Prallax"},{"type":"checkbox","id":"enable_parallax","label":"Enable","default":true},{"type":"image","id":"parallax.jpg","label":"Upload Image"},{"type":"header","content":"Collection"},{"type":"checkbox","id":"enable_collection","label":"Enable","default":true},{"type":"text","id":"collection_heading","label":"Heading","default":"Collection"},{"type":"text","id":"collection_limit","label":"Limit","default":"3"},{"type":"header","content":"Best Selling"},{"type":"checkbox","id":"enable_best_selling","label":"Enable","default":true},{"type":"text","id":"best_selling_heading","label":"Heading","default":"Best Selling Product"},{"type":"text","id":"best_selling_limit","label":"Limit","default":"3"},{"type":"collection","id":"best_selling_collection","label":"Select Collections"},{"type":"header","content":"Blog Feed"},{"type":"checkbox","id":"enable_blog","label":"Enable","default":true},{"type":"text","id":"blog_heading","label":"Heading","default":"Blog"},{"type":"text","id":"home_blog_limit","label":"Limit","default":"3"},{"type":"blog","id":"select_blog","label":"Select Collections"},{"type":"header","content":"Our Brand"},{"type":"checkbox","id":"enable_brand","label":"Enable","default":true},{"type":"text","id":"brand_heading","label":"Heading","default":"Our Brand"},{"type":"image","id":"brand-1.png","label":"Brand 1"},{"type":"image","id":"brand-2.png","label":"Brand 2"},{"type":"image","id":"brand-3.png","label":"Brand 3"},{"type":"image","id":"brand-4.png","label":"Brand 4"},{"type":"image","id":"brand-5.png","label":"Brand 5"},{"type":"image","id":"brand-6.png","label":"Brand 6"},{"type":"image","id":"brand-7.png","label":"Brand 7"},{"type":"image","id":"brand-8.png","label":"Brand 8"}]},{"name":"Slider Settings","settings":[{"type":"header","content":"Slider"},{"type":"checkbox","id":"enable_slider","label":"Enable Slider","default":true},{"type":"checkbox","id":"enable_indicators","label":"Enable Indicators","default":true},{"type":"checkbox","id":"enable_controls","label":"Enable Next Prev Controls","default":true},{"type":"header","content":"Slider Content 1"},{"type":"checkbox","id":"enable_slider_1","label":"Enable Slider 1","default":true},{"type":"image","id":"slider-1.jpg","label":"Image"},{"type":"text","id":"slider_2","label":"Heading","default":"Heading"},{"type":"textarea","id":"slider_3","label":"Text","default":"Lorem Ipsum is simply dummy text of the printing and typesetting industry."},{"type":"header","content":"Slider Content 2"},{"type":"checkbox","id":"enable_slider_2","label":"Enable Slider 1","default":true},{"type":"image","id":"slider-2.jpg","label":"Image"},{"type":"text","id":"slider_5","label":"Heading","default":"Heading"},{"type":"textarea","id":"slider_6","label":"Text","default":"Lorem Ipsum is simply dummy text of the printing and typesetting industry."},{"type":"header","content":"Slider Content 3"},{"type":"checkbox","id":"enable_slider_3","label":"Enable Slider 1","default":true},{"type":"image","id":"slider-3.jpg","label":"Image"},{"type":"text","id":"slider_8","label":"Heading","default":"Heading"},{"type":"textarea","id":"slider_9","label":"Text","default":"Lorem Ipsum is simply dummy text of the printing and typesetting industry."},{"type":"header","content":"Slider Content 4"},{"type":"checkbox","id":"enable_slider_4","label":"Enable Slider 1","default":true},{"type":"image","id":"slider-4.jpg","label":"Image"},{"type":"text","id":"slider_11","label":"Heading","default":"Heading"},{"type":"textarea","id":"slider_12","label":"Text","default":"Lorem Ipsum is simply dummy text of the printing and typesetting industry."},{"type":"header","content":"Slider Content 5"},{"type":"checkbox","id":"enable_slider_5","label":"Enable Slider 1","default":true},{"type":"image","id":"slider-5.jpg","label":"Image"},{"type":"text","id":"slider_14","label":"Heading","default":"Heading"},{"type":"textarea","id":"slider_15","label":"Text","default":"Lorem Ipsum is simply dummy text of the printing and typesetting industry."},{"type":"header","content":"Slider Content 6"},{"type":"checkbox","id":"enable_slider_6","label":"Enable Slider 1","default":true},{"type":"image","id":"slider-6.jpg","label":"Image"},{"type":"text","id":"slider_17","label":"Heading","default":"Heading"},{"type":"textarea","id":"slider_18","label":"Text","default":"Lorem Ipsum is simply dummy text of the printing and typesetting industry."}]},{"name":"List Collection Page","settings":[{"type":"header","content":"Heading"},{"type":"text","id":"list_collections_heading","label":"Page Heading","default":"Collection"},{"type":"text","id":"list_collection_limit","label":"Collection Limit","default":"6"}]},{"name":"Collection Page","settings":[{"type":"header","content":"Widget"},{"type":"checkbox","id":"enable_collection_widget","label":"Enable","default":true},{"type":"header","content":"Collection Limit"},{"type":"text","id":"product_collection_limit","label":"Limit","default":"9"}]},{"name":"Blog Page","settings":[{"type":"header","content":"Blog Post Limit"},{"type":"text","id":"blog_limit","label":"limit","default":"3"},{"type":"header","content":"Widget"},{"type":"checkbox","id":"enable_blog_widgets","label":"Enable Widgets","default":true},{"type":"header","content":"Recent Blog"},{"type":"checkbox","id":"enable_recent_blog","label":"Enable","default":true},{"type":"text","id":"recent_blog_limit","label":"limit","default":"3"},{"type":"header","content":"Blog Tag"},{"type":"checkbox","id":"enable_blog_tag","label":"Enable","default":true}]},{"name":"Footer","settings":[{"type":"header","content":"Newsletter"},{"type":"checkbox","id":"enable_footer_newsletter","label":"Enable","default":true},{"type":"text","id":"footer_newsletter_Header","label":"Heading","default":"Newsletter"},{"type":"paragraph","content":"## After Enable Newsletter, Please Go Back To [General Setting] For More Advance Option."},{"type":"header","content":"Footer Description"},{"type":"checkbox","id":"enable_footer_description","label":"Enable Description","default":true},{"type":"textarea","id":"footer_description","default":"Lorem Ipsum is simply dummy text of the printing and typesetting industry. Lorem Ipsum has been the industry's standard dummy text ever since the 1500s, when an unknown printer took a galley of type and scrambled it to make a type specimen book."},{"type":"header","content":"Footer Navigation 1"},{"type":"checkbox","id":"enable_footer_nav_1","label":"Enable Navigation","default":true},{"type":"link_list","id":"footer_nav_1"},{"type":"header","content":"Footer Navigation 2"},{"type":"checkbox","id":"enable_footer_nav_2","label":"Enable Navigation","default":true},{"type":"link_list","id":"footer_nav_2"},{"type":"header","content":"Footer Image"},{"type":"checkbox","id":"footer_column_4","label":"Enable","default":true},{"type":"image","id":"footer-img.png","label":"Upload Image"},{"type":"header","content":"Copyright"},{"type":"checkbox","id":"footer_copyright","label":"Enable","default":true},{"type":"text","id":"copyright_text","label":"Copyright Text","default":"© ThemeTim. All Rights Reserved."},{"type":"header","content":"Footer Navigation 3"},{"type":"checkbox","id":"enable_footer_nav_3","label":"Enable Navigation","default":true},{"type":"link_list","id":"footer_nav_3"}]},{"name":"Social Links And Sharing","settings":[{"type":"header","content":"Social Links Buttons"},{"type":"paragraph","content":"Facebook"},{"type":"checkbox","id":"enable_fb_header","label":"Header","default":true},{"type":"checkbox","id":"enable_fb_footer","label":"Footer","default":true},{"type":"checkbox","id":"enable_fb_welcome_popup","label":"Welcome Dialog Box","default":true},{"type":"text","id":"fb_link","label":"Links to:","default":"#"},{"type":"paragraph","content":"Google Plus"},{"type":"checkbox","id":"enable_gplus_header","label":"Header","default":true},{"type":"checkbox","id":"enable_gplus_footer","label":"Footer","default":true},{"type":"checkbox","id":"enable_gplus_welcome_popup","label":"Welcome Dialog Box","default":true},{"type":"text","id":"gplus_link","label":"Links to:"},{"type":"paragraph","content":"Instagram"},{"type":"checkbox","id":"enable_ins_header","label":"Header","default":true},{"type":"checkbox","id":"enable_ins_footer","label":"Footer","default":true},{"type":"checkbox","id":"enable_ins_welcome_popup","label":"Welcome Dialog Box"},{"type":"text","id":"ins_link","label":"Links to:"},{"type":"paragraph","content":"Pinterest"},{"type":"checkbox","id":"enable_pi_header","label":"Header","default":true},{"type":"checkbox","id":"enable_pi_footer","label":"Footer","default":true},{"type":"checkbox","id":"enable_pi_welcome_popup","label":"Welcome Dialog Box"},{"type":"text","id":"pi_link","label":"Links to:"},{"type":"paragraph","content":"Twitter"},{"type":"checkbox","id":"enable_tw_header","label":"Header","default":true},{"type":"checkbox","id":"enable_tw_footer","label":"Footer","default":true},{"type":"checkbox","id":"enable_tw_welcome_popup","label":"Welcome Dialog Box","default":true},{"type":"text","id":"tw_link","label":"Links to:","default":"#"},{"type":"paragraph","content":"Linkedin"},{"type":"checkbox","id":"enable_li_header","label":"Header","default":true},{"type":"checkbox","id":"enable_li_footer","label":"Footer","default":true},{"type":"checkbox","id":"enable_li_welcome_popup","label":"Welcome Dialog Box","default":true},{"type":"text","id":"li_link","label":"Links to:","default":"#"},{"type":"paragraph","content":"Flickr"},{"type":"checkbox","id":"enable_flic_header","label":"Header","default":true},{"type":"checkbox","id":"enable_flic_footer","label":"Footer","default":true},{"type":"checkbox","id":"enable_flic_welcome_popup","label":"Welcome Dialog Box"},{"type":"text","id":"flick_link","label":"Links to:"},{"type":"paragraph","content":"Dribbble"},{"type":"checkbox","id":"enable_dri_header","label":"Header"},{"type":"checkbox","id":"enable_dri_footer","label":"Footer","default":true},{"type":"checkbox","id":"enable_dri_welcome_popup","label":"Welcome Dialog Box"},{"type":"text","id":"dri_link","label":"Links to:"},{"type":"paragraph","content":"Youtube"},{"type":"checkbox","id":"enable_you_header","label":"Header","default":true},{"type":"checkbox","id":"enable_you_footer","label":"Footer","default":true},{"type":"checkbox","id":"enable_you_welcome_popup","label":"Welcome Dialog Box"},{"type":"text","id":"you_link","label":"Links to:"},{"type":"paragraph","content":"Email"},{"type":"checkbox","id":"enable_email_header","label":"Header"},{"type":"checkbox","id":"enable_email_footer","label":"Footer","default":true},{"type":"checkbox","id":"enable_email_welcome_popup","label":"Welcome Dialog Box"},{"type":"text","id":"email_link","label":"Links to:","default":"email@your.com"},{"type":"header","content":"Social Sharing Buttons"},{"type":"checkbox","id":"enable_fb_share","label":"Facebook","default":true},{"type":"checkbox","id":"enable_tw_share","label":"Twitter","default":true},{"type":"checkbox","id":"enable_li_share","label":"Linkdin","default":true},{"type":"checkbox","id":"enable_gplus_share","label":"Google Plus"},{"type":"checkbox","id":"enable_pi_share","label":"Pinterest"},{"type":"checkbox","id":"enable_email_share","label":"Email"},{"type":"text","id":"your_email_share","default":"your@email.com"}]},{"name":"Typography","settings":[{"type":"header","content":"Font Family"},{"type":"select","id":"paragraph_font","label":"Paragraph Text Font","options":[{"value":"Google+Lato","label":"Lato","group":"Google Web Fonts"},{"value":"Google+Open+Sans","label":"Open Sans","group":"Google Web Fonts"},{"value":"Google+Arvo","label":"Arvo","group":"Google Web Fonts"},{"value":"Google+Roboto","label":"Roboto","group":"Google Web Fonts"},{"value":"Google+Oswald","label":"Oswald","group":"Google Web Fonts"},{"value":"Google+Raleway","label":"Raleway","group":"Google Web Fonts"},{"value":"Google+Asap","label":"Asap","group":"Google Web Fonts"},{"value":"Google+Cabin","label":"Cabin","group":"Google Web Fonts"},{"value":"Google+Copse","label":"Copse","group":"Google Web Fonts"},{"value":"Google+Droid+Sans","label":"Droid Sans","group":"Google Web Fonts"},{"value":"Google+Droid+Serif","label":"Droid Serif","group":"Google Web Fonts"},{"value":"Google+Gentium+Book+Basic","label":"Gentium Book Basic","group":"Google Web Fonts"},{"value":"Google+Josefin+Slab","label":"Josefin Slab","group":"Google Web Fonts"},{"value":"Google+Josefin+Sans","label":"Josefin Sans","group":"Google Web Fonts"},{"value":"Google+Kreon","label":"Kreon","group":"Google Web Fonts"},{"value":"Google+Merriweather","label":"Merriweather","group":"Google Web Fonts"},{"value":"Google+Old+Standard+TT","label":"Old Standard TT","group":"Google Web Fonts"},{"value":"ProximaNovaLight","label":"Proxima Nova","group":"Web Fonts"},{"value":"Helvetica, Arial, sans-serif","label":"Helvetica\/Arial","group":"Sans-serif"},{"value":"Impact, Charcoal, Helvetica, Arial, sans-serif","label":"Impact","group":"Sans-serif"},{"value":"'Lucida Grande', 'Lucida Sans Unicode', 'Lucida Sans', Lucida, Helvetica, Arial, sans-serif","label":"Lucida Grande","group":"Sans-serif"},{"value":"Trebuchet MS, sans-serif","label":"Trebuchet MS","group":"Sans-serif"},{"value":"Verdana, Helvetica, Arial, sans-serif","label":"Verdana","group":"Sans-serif"},{"value":"Garamond, Baskerville, Caslon, serif","label":"Garamond","group":"Serif"},{"value":"Georgia, Utopia, 'Times New Roman', Times, serif","label":"Georgia","group":"Serif"},{"value":"Palatino, 'Palatino Linotype', 'Book Antiqua', serif","label":"Palatino","group":"Serif"},{"value":"'Times New Roman', Times, serif","label":"Times New Roman","group":"Serif"},{"value":"'Courier New', Courier, monospace","label":"Courier New","group":"Monospace"},{"value":"Monaco, 'Lucida Console', 'DejaVu Sans Mono', monospace","label":"Monaco\/Lucida Console","group":"Monospace"}],"default":"Google+Lato"},{"type":"select","id":"heading_font","label":"Heading Text Font","options":[{"value":"Google+Roboto","label":"Roboto","group":"Google Web Fonts"},{"value":"Google+Oswald","label":"Oswald","group":"Google Web Fonts"},{"value":"Google+Arvo","label":"Arvo","group":"Google Web Fonts"},{"value":"Google+Lato","label":"Lato","group":"Google Web Fonts"},{"value":"Google+Raleway","label":"Raleway","group":"Google Web Fonts"},{"value":"Google+Open+Sans","label":"Open Sans","group":"Google Web Fonts"},{"value":"Google+Asap","label":"Asap","group":"Google Web Fonts"},{"value":"Google+Cabin","label":"Cabin","group":"Google Web Fonts"},{"value":"Google+Copse","label":"Copse","group":"Google Web Fonts"},{"value":"Google+Droid+Sans","label":"Droid Sans","group":"Google Web Fonts"},{"value":"Google+Droid+Serif","label":"Droid Serif","group":"Google Web Fonts"},{"value":"Google+Gentium+Book+Basic","label":"Gentium Book Basic","group":"Google Web Fonts"},{"value":"Google+Josefin+Slab","label":"Josefin Slab","group":"Google Web Fonts"},{"value":"Google+Josefin+Sans","label":"Josefin Sans","group":"Google Web Fonts"},{"value":"Google+Kreon","label":"Kreon","group":"Google Web Fonts"},{"value":"Google+Merriweather","label":"Merriweather","group":"Google Web Fonts"},{"value":"Google+Old+Standard+TT","label":"Old Standard TT","group":"Google Web Fonts"},{"value":"ProximaNovaLight","label":"Proxima Nova","group":"Web Fonts"},{"value":"Helvetica, Arial, sans-serif","label":"Helvetica\/Arial","group":"Sans-serif"},{"value":"Impact, Charcoal, Helvetica, Arial, sans-serif","label":"Impact","group":"Sans-serif"},{"value":"'Lucida Grande', 'Lucida Sans Unicode', 'Lucida Sans', Lucida, Helvetica, Arial, sans-serif","label":"Lucida Grande","group":"Sans-serif"},{"value":"Trebuchet MS, sans-serif","label":"Trebuchet MS","group":"Sans-serif"},{"value":"Verdana, Helvetica, Arial, sans-serif","label":"Verdana","group":"Sans-serif"},{"value":"Garamond, Baskerville, Caslon, serif","label":"Garamond","group":"Serif"},{"value":"Georgia, Utopia, 'Times New Roman', Times, serif","label":"Georgia","group":"Serif"},{"value":"Palatino, 'Palatino Linotype', 'Book Antiqua', serif","label":"Palatino","group":"Serif"},{"value":"'Times New Roman', Times, serif","label":"Times New Roman","group":"Serif"},{"value":"'Courier New', Courier, monospace","label":"Courier New","group":"Monospace"},{"value":"Monaco, 'Lucida Console', 'DejaVu Sans Mono', monospace","label":"Monaco\/Lucida Console","group":"Monospace"}],"default":"Google+Roboto"},{"type":"header","content":"Body Font Size"},{"type":"text","id":"body_font_size","label":"Default Font Size","default":"14"},{"type":"header","content":"Page Wrapper (Section Gap)"},{"type":"text","id":"section_gap_1","label":"Section Gap 1","default":"100"},{"type":"text","id":"section_gap_2","label":"Section Gap 2","default":"100"},{"type":"text","id":"section_gap_3","label":"Section Gap 3","default":"60"},{"type":"text","id":"section_gap_4","label":"Section Gap 4","default":"60"}]},{"name":"Colors","settings":[{"type":"header","content":"General Color"},{"type":"color","id":"body_bg_color","label":"Body BG color","default":"#fff"},{"type":"color","id":"body_text_color","label":"Body Text color","default":"#989898"},{"type":"color","id":"heading_text_color","label":"Heading Text Color","default":"#989898"},{"type":"color","id":"link_color","label":"Link color","default":"#989898"},{"type":"color","id":"link_hover_color","label":"Link Hover color","default":"#333"},{"type":"header","content":"Header Top Color"},{"type":"color","id":"top_header_bg","label":"Header Top BG Color","default":"#f9f9f9"},{"type":"color","id":"top_header_text_color","label":"Header Top Text Color","default":"#989898"},{"type":"color","id":"top_header_text_hover_color","label":"Header Top Hover Color","default":"#333"},{"type":"header","content":"Header Middle Color"},{"type":"color","id":"middle_header_bg","label":"Header Middle BG Color","default":"#fff"},{"type":"color","id":"middle_header_text_color","label":"Header Middle Text Color","default":"#989898"},{"type":"color","id":"middle_header_text_hover_color","label":"Header Middle Hover Color","default":"#333"},{"type":"header","content":"Header Bottom Color"},{"type":"color","id":"bottom_header_bg","label":"Header Bottom BG Color","default":"#f9f9f9"},{"type":"color","id":"bottom_header_text_color","label":"Header Bottom Text Color","default":"#989898"},{"type":"color","id":"bottom_header_text_hover_color","label":"Header Bottom Hover Color","default":"#333"},{"type":"header","content":"Footer Top Color"},{"type":"color","id":"top_footer_bg","label":"Footer Top BG Color","default":"#F3F3F3"},{"type":"color","id":"top_footer_text_color","label":"Footer Top Text Color","default":"#989898"},{"type":"color","id":"top_footer_text_hover_color","label":"Footer Top Hover Color","default":"#333"},{"type":"header","content":"Footer Middle Color"},{"type":"color","id":"middle_footer_bg","label":"Footer Middle BG Color","default":"#f9f9f9"},{"type":"color","id":"middle_footer_text_color","label":"Footer Middle Text Color","default":"#989898"},{"type":"color","id":"middle_footer_text_hover_color","label":"Footer Middle Hover Color","default":"#333"},{"type":"header","content":"Footer Bottom Color"},{"type":"color","id":"bottom_footer_bg","label":"Footer Bottom BG Color","default":"#F3F3F3"},{"type":"color","id":"bottom_footer_text_color","label":"Footer Bottom Text Color","default":"#989898"},{"type":"color","id":"bottom_footer_text_hover_color","label":"Footer Bottom Hover Color","default":"#333"},{"type":"header","content":"Default Button Color"},{"type":"color","id":"default_button_color","label":"Default Button color","default":"#989898"},{"type":"color","id":"default_button_bg_color","label":"Default Button BG color","default":"#fff"},{"type":"color","id":"default_button_border_color","label":"Default Button Border color","default":"#EDEDED"},{"type":"header","content":"Default Button Hover Color"},{"type":"color","id":"h_default_button_color","label":"Hover Default Button color","default":"#fff"},{"type":"color","id":"h_default_button_bg_color","label":"Hover Default Button BG color","default":"#333"},{"type":"color","id":"h_default_button_border_color","label":"Hover Default Button Border color","default":"#333"},{"type":"header","content":"Primary Button Color"},{"type":"color","id":"primary_button_color","label":"Primary Button color","default":"#333"},{"type":"color","id":"primary_button_bg_color","label":"Primary Button BG color","default":"#fff"},{"type":"color","id":"primary_button_border_color","label":"Primary Button Border color","default":"#F3F3F3"},{"type":"header","content":"Primary Button Hover Color"},{"type":"color","id":"h_primary_button_color","label":"Hover Primary Button color","default":"#fff"},{"type":"color","id":"h_primary_button_bg_color","label":"Hover Primary Button BG color","default":"#333"},{"type":"color","id":"h_primary_button_border_color","label":"Hover Primary Button Border color","default":"#333"},{"type":"header","content":"Success Button Color"},{"type":"color","id":"success_button_color","label":"Success Button color","default":"#fff"},{"type":"color","id":"success_button_bg_color","label":"Success Button BG color","default":"#333"},{"type":"color","id":"success_button_border_color","label":"Success Button Border color","default":"#fff"},{"type":"header","content":"Success Button Hover Color"},{"type":"color","id":"h_success_button_color","label":"Hover Success Button color","default":"#333"},{"type":"color","id":"h_success_button_bg_color","label":"Hover Success Button BG color","default":"#fff"},{"type":"color","id":"h_success_button_border_color","label":"Hover Success Button Border color","default":"#333"}]},{"name":"Money options","settings":[{"type":"paragraph","content":"Although you will be able to display prices on your store front in different currencies, Shopify will still process orders in your shop's currency."},{"type":"select","id":"currency_format","label":"Money Format","options":[{"value":"money_format","label":"Without Currency, ex: $10.00"},{"value":"money_with_currency_format","label":"With Currency, ex: $10 USD"}],"default":"money_format"},{"type":"text","id":"supported_currencies","label":"Currencies You Wish To Support","default":"USD CAD AUD EUR GBP"},{"type":"text","id":"default_currency","label":"Default currency","default":"USD"}]}]